split,task_mode_true,model_id,seed
pilot,range_local_scans,claude_haiku_batch_strict,7301
pilot,range_local_scans,claude_haiku_batch_strict,7302
pilot,range_local_scans,claude_haiku_batch_strict,7303
pilot,range_local_scans,claude_haiku_batch_strict,7304
pilot,range_local_scans,claude_haiku_batch_strict,7305
pilot,range_local_scans,claude_haiku_batch_strict,7306
pilot,range_local_scans,claude_haiku_batch_strict,7307
pilot,range_local_scans,claude_haiku_batch_strict,7308
pilot,range_local_scans,claude_haiku_batch_strict,7309
pilot,range_local_scans,claude_haiku_batch_strict,7310
pilot,range_local_scans,claude_haiku_batch_strict,7311
pilot,range_local_scans,claude_haiku_batch_strict,7312
pilot,range_local_scans,claude_haiku_batch_strict,7313
pilot,range_local_scans,claude_haiku_batch_strict,7314
pilot,range_local_scans,claude_haiku_batch_strict,7315
pilot,range_local_scans,claude_haiku_batch_strict,7316
pilot,range_local_scans,claude_haiku_batch_strict,7317
pilot,range_local_scans,claude_haiku_batch_strict,7318
pilot,range_local_scans,claude_haiku_batch_strict,7319
pilot,range_local_scans,claude_haiku_batch_strict,7320
pilot,range_local_scans,claude_haiku_batch_strict,7321
pilot,range_local_scans,claude_haiku_batch_strict,7322
pilot,range_local_scans,claude_haiku_batch_strict,7323
pilot,range_local_scans,claude_haiku_batch_strict,7324
pilot,range_local_scans,claude_haiku_batch_strict,7325
pilot,range_local_scans,claude_haiku_batch_strict,7326
pilot,range_local_scans,claude_haiku_batch_strict,7327
pilot,range_local_scans,claude_haiku_batch_strict,7328
pilot,range_local_scans,claude_haiku_batch_strict,7329
pilot,topk_stress,claude_haiku_batch_strict,7301
pilot,topk_stress,claude_haiku_batch_strict,7302
pilot,topk_stress,claude_haiku_batch_strict,7303
pilot,topk_stress,claude_haiku_batch_strict,7304
pilot,topk_stress,claude_haiku_batch_strict,7305
pilot,topk_stress,claude_haiku_batch_strict,7306
pilot,topk_stress,claude_haiku_batch_strict,7307
pilot,topk_stress,claude_haiku_batch_strict,7308
pilot,topk_stress,claude_haiku_batch_strict,7309
pilot,topk_stress,claude_haiku_batch_strict,7310
pilot,topk_stress,claude_haiku_batch_strict,7311
pilot,topk_stress,claude_haiku_batch_strict,7312
pilot,topk_stress,claude_haiku_batch_strict,7313
pilot,topk_stress,claude_haiku_batch_strict,7314
pilot,topk_stress,claude_haiku_batch_strict,7315
pilot,topk_stress,claude_haiku_batch_strict,7316
pilot,topk_stress,claude_haiku_batch_strict,7317
pilot,topk_stress,claude_haiku_batch_strict,7318
pilot,topk_stress,claude_haiku_batch_strict,7319
pilot,topk_stress,claude_haiku_batch_strict,7320
pilot,topk_stress,claude_haiku_batch_strict,7321
pilot,topk_stress,claude_haiku_batch_strict,7322
pilot,topk_stress,claude_haiku_batch_strict,7323
pilot,topk_stress,claude_haiku_batch_strict,7324
pilot,topk_stress,claude_haiku_batch_strict,7325
pilot,topk_stress,claude_haiku_batch_strict,7326
pilot,topk_stress,claude_haiku_batch_strict,7327
pilot,topk_stress,claude_haiku_batch_strict,7328
pilot,topk_stress,claude_haiku_batch_strict,7329
pilot,range_local_scans,claude_sonnet_batch_strict,7301
pilot,range_local_scans,claude_sonnet_batch_strict,7302
pilot,range_local_scans,claude_sonnet_batch_strict,7303
pilot,range_local_scans,claude_sonnet_batch_strict,7304
pilot,range_local_scans,claude_sonnet_batch_strict,7305
pilot,range_local_scans,claude_sonnet_batch_strict,7306
pilot,range_local_scans,claude_sonnet_batch_strict,7307
pilot,range_local_scans,claude_sonnet_batch_strict,7308
pilot,range_local_scans,claude_sonnet_batch_strict,7309
pilot,range_local_scans,claude_sonnet_batch_strict,7310
pilot,range_local_scans,claude_sonnet_batch_strict,7311
pilot,range_local_scans,claude_sonnet_batch_strict,7312
pilot,range_local_scans,claude_sonnet_batch_strict,7313
pilot,range_local_scans,claude_sonnet_batch_strict,7314
pilot,range_local_scans,claude_sonnet_batch_strict,7315
pilot,range_local_scans,claude_sonnet_batch_strict,7316
pilot,range_local_scans,claude_sonnet_batch_strict,7317
pilot,range_local_scans,claude_sonnet_batch_strict,7318
pilot,range_local_scans,claude_sonnet_batch_strict,7319
pilot,range_local_scans,claude_sonnet_batch_strict,7320
pilot,range_local_scans,claude_sonnet_batch_strict,7321
pilot,range_local_scans,claude_sonnet_batch_strict,7322
pilot,range_local_scans,claude_sonnet_batch_strict,7323
pilot,range_local_scans,claude_sonnet_batch_strict,7324
pilot,range_local_scans,claude_sonnet_batch_strict,7325
pilot,range_local_scans,claude_sonnet_batch_strict,7326
pilot,range_local_scans,claude_sonnet_batch_strict,7327
pilot,range_local_scans,claude_sonnet_batch_strict,7328
pilot,range_local_scans,claude_sonnet_batch_strict,7329
pilot,range_local_scans,claude_sonnet_batch_strict,7330
pilot,topk_stress,claude_sonnet_batch_strict,7301
pilot,topk_stress,claude_sonnet_batch_strict,7302
pilot,topk_stress,claude_sonnet_batch_strict,7303
pilot,topk_stress,claude_sonnet_batch_strict,7304
pilot,topk_stress,claude_sonnet_batch_strict,7305
pilot,topk_stress,claude_sonnet_batch_strict,7306
pilot,topk_stress,claude_sonnet_batch_strict,7307
pilot,topk_stress,claude_sonnet_batch_strict,7308
pilot,topk_stress,claude_sonnet_batch_strict,7309
pilot,topk_stress,claude_sonnet_batch_strict,7310
pilot,topk_stress,claude_sonnet_batch_strict,7311
pilot,topk_stress,claude_sonnet_batch_strict,7312
pilot,topk_stress,claude_sonnet_batch_strict,7313
pilot,topk_stress,claude_sonnet_batch_strict,7314
pilot,topk_stress,claude_sonnet_batch_strict,7315
pilot,topk_stress,claude_sonnet_batch_strict,7316
pilot,topk_stress,claude_sonnet_batch_strict,7317
pilot,topk_stress,claude_sonnet_batch_strict,7318
pilot,topk_stress,claude_sonnet_batch_strict,7319
pilot,topk_stress,claude_sonnet_batch_strict,7320
pilot,topk_stress,claude_sonnet_batch_strict,7321
pilot,topk_stress,claude_sonnet_batch_strict,7322
pilot,topk_stress,claude_sonnet_batch_strict,7323
pilot,topk_stress,claude_sonnet_batch_strict,7324
pilot,topk_stress,claude_sonnet_batch_strict,7325
pilot,topk_stress,claude_sonnet_batch_strict,7326
pilot,topk_stress,claude_sonnet_batch_strict,7327
pilot,topk_stress,claude_sonnet_batch_strict,7328
pilot,topk_stress,claude_sonnet_batch_strict,7329
pilot,topk_stress,claude_sonnet_batch_strict,7330
pilot,range_local_scans,gpt_5_3_codex_spark_batch_strict,7311
pilot,range_local_scans,gpt_5_3_codex_spark_batch_strict,7312
pilot,range_local_scans,gpt_5_3_codex_spark_batch_strict,7313
pilot,range_local_scans,gpt_5_3_codex_spark_batch_strict,7314
pilot,range_local_scans,gpt_5_3_codex_spark_batch_strict,7315
pilot,range_local_scans,gpt_5_3_codex_spark_batch_strict,7316
pilot,range_local_scans,gpt_5_3_codex_spark_batch_strict,7317
pilot,range_local_scans,gpt_5_3_codex_spark_batch_strict,7318
pilot,range_local_scans,gpt_5_3_codex_spark_batch_strict,7319
pilot,range_local_scans,gpt_5_3_codex_spark_batch_strict,7320
pilot,range_local_scans,gpt_5_3_codex_spark_batch_strict,7321
pilot,range_local_scans,gpt_5_3_codex_spark_batch_strict,7322
pilot,range_local_scans,gpt_5_3_codex_spark_batch_strict,7323
pilot,range_local_scans,gpt_5_3_codex_spark_batch_strict,7324
pilot,range_local_scans,gpt_5_3_codex_spark_batch_strict,7325
pilot,range_local_scans,gpt_5_3_codex_spark_batch_strict,7326
pilot,range_local_scans,gpt_5_3_codex_spark_batch_strict,7327
pilot,range_local_scans,gpt_5_3_codex_spark_batch_strict,7328
pilot,range_local_scans,gpt_5_3_codex_spark_batch_strict,7329
pilot,range_local_scans,gpt_5_3_codex_spark_batch_strict,7330
pilot,topk_stress,gpt_5_3_codex_spark_batch_strict,7311
pilot,topk_stress,gpt_5_3_codex_spark_batch_strict,7312
pilot,topk_stress,gpt_5_3_codex_spark_batch_strict,7313
pilot,topk_stress,gpt_5_3_codex_spark_batch_strict,7314
pilot,topk_stress,gpt_5_3_codex_spark_batch_strict,7315
pilot,topk_stress,gpt_5_3_codex_spark_batch_strict,7316
pilot,topk_stress,gpt_5_3_codex_spark_batch_strict,7317
pilot,topk_stress,gpt_5_3_codex_spark_batch_strict,7318
pilot,topk_stress,gpt_5_3_codex_spark_batch_strict,7319
pilot,topk_stress,gpt_5_3_codex_spark_batch_strict,7320
pilot,topk_stress,gpt_5_3_codex_spark_batch_strict,7321
pilot,topk_stress,gpt_5_3_codex_spark_batch_strict,7322
pilot,topk_stress,gpt_5_3_codex_spark_batch_strict,7323
pilot,topk_stress,gpt_5_3_codex_spark_batch_strict,7324
pilot,topk_stress,gpt_5_3_codex_spark_batch_strict,7325
pilot,topk_stress,gpt_5_3_codex_spark_batch_strict,7326
pilot,topk_stress,gpt_5_3_codex_spark_batch_strict,7327
pilot,topk_stress,gpt_5_3_codex_spark_batch_strict,7328
pilot,topk_stress,gpt_5_3_codex_spark_batch_strict,7329
pilot,topk_stress,gpt_5_3_codex_spark_batch_strict,7330
pilot,range_local_scans,gpt_5_3_codex_batch_strict,7307
pilot,range_local_scans,gpt_5_3_codex_batch_strict,7308
pilot,range_local_scans,gpt_5_3_codex_batch_strict,7309
pilot,range_local_scans,gpt_5_3_codex_batch_strict,7310
pilot,range_local_scans,gpt_5_3_codex_batch_strict,7311
pilot,range_local_scans,gpt_5_3_codex_batch_strict,7312
pilot,range_local_scans,gpt_5_3_codex_batch_strict,7313
pilot,range_local_scans,gpt_5_3_codex_batch_strict,7314
pilot,range_local_scans,gpt_5_3_codex_batch_strict,7315
pilot,range_local_scans,gpt_5_3_codex_batch_strict,7316
pilot,range_local_scans,gpt_5_3_codex_batch_strict,7317
pilot,range_local_scans,gpt_5_3_codex_batch_strict,7318
pilot,range_local_scans,gpt_5_3_codex_batch_strict,7319
pilot,range_local_scans,gpt_5_3_codex_batch_strict,7320
pilot,range_local_scans,gpt_5_3_codex_batch_strict,7321
pilot,range_local_scans,gpt_5_3_codex_batch_strict,7322
pilot,range_local_scans,gpt_5_3_codex_batch_strict,7323
pilot,range_local_scans,gpt_5_3_codex_batch_strict,7324
pilot,range_local_scans,gpt_5_3_codex_batch_strict,7325
pilot,range_local_scans,gpt_5_3_codex_batch_strict,7326
pilot,range_local_scans,gpt_5_3_codex_batch_strict,7327
pilot,range_local_scans,gpt_5_3_codex_batch_strict,7328
pilot,range_local_scans,gpt_5_3_codex_batch_strict,7329
pilot,range_local_scans,gpt_5_3_codex_batch_strict,7330
pilot,topk_stress,gpt_5_3_codex_batch_strict,7303
pilot,topk_stress,gpt_5_3_codex_batch_strict,7304
pilot,topk_stress,gpt_5_3_codex_batch_strict,7305
pilot,topk_stress,gpt_5_3_codex_batch_strict,7306
pilot,topk_stress,gpt_5_3_codex_batch_strict,7307
pilot,topk_stress,gpt_5_3_codex_batch_strict,7308
pilot,topk_stress,gpt_5_3_codex_batch_strict,7309
pilot,topk_stress,gpt_5_3_codex_batch_strict,7310
pilot,topk_stress,gpt_5_3_codex_batch_strict,7311
pilot,topk_stress,gpt_5_3_codex_batch_strict,7312
pilot,topk_stress,gpt_5_3_codex_batch_strict,7313
pilot,topk_stress,gpt_5_3_codex_batch_strict,7314
pilot,topk_stress,gpt_5_3_codex_batch_strict,7315
pilot,topk_stress,gpt_5_3_codex_batch_strict,7316
pilot,topk_stress,gpt_5_3_codex_batch_strict,7317
pilot,topk_stress,gpt_5_3_codex_batch_strict,7318
pilot,topk_stress,gpt_5_3_codex_batch_strict,7319
pilot,topk_stress,gpt_5_3_codex_batch_strict,7320
pilot,topk_stress,gpt_5_3_codex_batch_strict,7321
pilot,topk_stress,gpt_5_3_codex_batch_strict,7322
pilot,topk_stress,gpt_5_3_codex_batch_strict,7323
pilot,topk_stress,gpt_5_3_codex_batch_strict,7324
pilot,topk_stress,gpt_5_3_codex_batch_strict,7325
pilot,topk_stress,gpt_5_3_codex_batch_strict,7326
pilot,topk_stress,gpt_5_3_codex_batch_strict,7327
pilot,topk_stress,gpt_5_3_codex_batch_strict,7328
pilot,topk_stress,gpt_5_3_codex_batch_strict,7329
pilot,topk_stress,gpt_5_3_codex_batch_strict,7330
pilot,range_local_scans,gpt_5_4_mini_batch_strict,7301
pilot,range_local_scans,gpt_5_4_mini_batch_strict,7302
pilot,range_local_scans,gpt_5_4_mini_batch_strict,7303
pilot,range_local_scans,gpt_5_4_mini_batch_strict,7304
pilot,range_local_scans,gpt_5_4_mini_batch_strict,7305
pilot,range_local_scans,gpt_5_4_mini_batch_strict,7306
pilot,range_local_scans,gpt_5_4_mini_batch_strict,7307
pilot,range_local_scans,gpt_5_4_mini_batch_strict,7308
pilot,range_local_scans,gpt_5_4_mini_batch_strict,7309
pilot,range_local_scans,gpt_5_4_mini_batch_strict,7310
pilot,range_local_scans,gpt_5_4_mini_batch_strict,7311
pilot,range_local_scans,gpt_5_4_mini_batch_strict,7312
pilot,range_local_scans,gpt_5_4_mini_batch_strict,7313
pilot,range_local_scans,gpt_5_4_mini_batch_strict,7314
pilot,range_local_scans,gpt_5_4_mini_batch_strict,7315
pilot,range_local_scans,gpt_5_4_mini_batch_strict,7316
pilot,range_local_scans,gpt_5_4_mini_batch_strict,7317
pilot,range_local_scans,gpt_5_4_mini_batch_strict,7318
pilot,range_local_scans,gpt_5_4_mini_batch_strict,7319
pilot,range_local_scans,gpt_5_4_mini_batch_strict,7320
pilot,range_local_scans,gpt_5_4_mini_batch_strict,7321
pilot,range_local_scans,gpt_5_4_mini_batch_strict,7322
pilot,range_local_scans,gpt_5_4_mini_batch_strict,7323
pilot,range_local_scans,gpt_5_4_mini_batch_strict,7324
pilot,range_local_scans,gpt_5_4_mini_batch_strict,7325
pilot,range_local_scans,gpt_5_4_mini_batch_strict,7326
pilot,range_local_scans,gpt_5_4_mini_batch_strict,7327
pilot,range_local_scans,gpt_5_4_mini_batch_strict,7328
pilot,range_local_scans,gpt_5_4_mini_batch_strict,7329
pilot,topk_stress,gpt_5_4_mini_batch_strict,7301
pilot,topk_stress,gpt_5_4_mini_batch_strict,7302
pilot,topk_stress,gpt_5_4_mini_batch_strict,7303
pilot,topk_stress,gpt_5_4_mini_batch_strict,7304
pilot,topk_stress,gpt_5_4_mini_batch_strict,7305
pilot,topk_stress,gpt_5_4_mini_batch_strict,7306
pilot,topk_stress,gpt_5_4_mini_batch_strict,7307
pilot,topk_stress,gpt_5_4_mini_batch_strict,7308
pilot,topk_stress,gpt_5_4_mini_batch_strict,7309
pilot,topk_stress,gpt_5_4_mini_batch_strict,7310
pilot,topk_stress,gpt_5_4_mini_batch_strict,7311
pilot,topk_stress,gpt_5_4_mini_batch_strict,7312
pilot,topk_stress,gpt_5_4_mini_batch_strict,7313
pilot,topk_stress,gpt_5_4_mini_batch_strict,7314
pilot,topk_stress,gpt_5_4_mini_batch_strict,7315
pilot,topk_stress,gpt_5_4_mini_batch_strict,7316
pilot,topk_stress,gpt_5_4_mini_batch_strict,7317
pilot,topk_stress,gpt_5_4_mini_batch_strict,7318
pilot,topk_stress,gpt_5_4_mini_batch_strict,7319
pilot,topk_stress,gpt_5_4_mini_batch_strict,7320
pilot,topk_stress,gpt_5_4_mini_batch_strict,7321
pilot,topk_stress,gpt_5_4_mini_batch_strict,7322
pilot,topk_stress,gpt_5_4_mini_batch_strict,7323
pilot,topk_stress,gpt_5_4_mini_batch_strict,7324
pilot,topk_stress,gpt_5_4_mini_batch_strict,7325
pilot,topk_stress,gpt_5_4_mini_batch_strict,7326
pilot,topk_stress,gpt_5_4_mini_batch_strict,7327
pilot,topk_stress,gpt_5_4_mini_batch_strict,7328
pilot,topk_stress,gpt_5_4_mini_batch_strict,7329
holdout,range_local_scans,claude_haiku_batch_strict,7401
holdout,range_local_scans,claude_haiku_batch_strict,7402
holdout,range_local_scans,claude_haiku_batch_strict,7403
holdout,range_local_scans,claude_haiku_batch_strict,7404
holdout,range_local_scans,claude_haiku_batch_strict,7405
holdout,range_local_scans,claude_haiku_batch_strict,7406
holdout,range_local_scans,claude_haiku_batch_strict,7407
holdout,range_local_scans,claude_haiku_batch_strict,7408
holdout,range_local_scans,claude_haiku_batch_strict,7409
holdout,range_local_scans,claude_haiku_batch_strict,7410
holdout,range_local_scans,claude_haiku_batch_strict,7411
holdout,range_local_scans,claude_haiku_batch_strict,7412
holdout,range_local_scans,claude_haiku_batch_strict,7413
holdout,range_local_scans,claude_haiku_batch_strict,7414
holdout,range_local_scans,claude_haiku_batch_strict,7415
holdout,range_local_scans,claude_haiku_batch_strict,7416
holdout,range_local_scans,claude_haiku_batch_strict,7417
holdout,range_local_scans,claude_haiku_batch_strict,7418
holdout,range_local_scans,claude_haiku_batch_strict,7419
holdout,range_local_scans,claude_haiku_batch_strict,7420
holdout,range_local_scans,claude_haiku_batch_strict,7421
holdout,range_local_scans,claude_haiku_batch_strict,7422
holdout,range_local_scans,claude_haiku_batch_strict,7423
holdout,range_local_scans,claude_haiku_batch_strict,7424
holdout,range_local_scans,claude_haiku_batch_strict,7425
holdout,range_local_scans,claude_haiku_batch_strict,7426
holdout,range_local_scans,claude_haiku_batch_strict,7427
holdout,range_local_scans,claude_haiku_batch_strict,7428
holdout,range_local_scans,claude_haiku_batch_strict,7429
holdout,range_local_scans,claude_haiku_batch_strict,7430
holdout,topk_stress,claude_haiku_batch_strict,7401
holdout,topk_stress,claude_haiku_batch_strict,7402
holdout,topk_stress,claude_haiku_batch_strict,7403
holdout,topk_stress,claude_haiku_batch_strict,7404
holdout,topk_stress,claude_haiku_batch_strict,7405
holdout,topk_stress,claude_haiku_batch_strict,7406
holdout,topk_stress,claude_haiku_batch_strict,7407
holdout,topk_stress,claude_haiku_batch_strict,7408
holdout,topk_stress,claude_haiku_batch_strict,7409
holdout,topk_stress,claude_haiku_batch_strict,7410
holdout,topk_stress,claude_haiku_batch_strict,7411
holdout,topk_stress,claude_haiku_batch_strict,7412
holdout,topk_stress,claude_haiku_batch_strict,7413
holdout,topk_stress,claude_haiku_batch_strict,7414
holdout,topk_stress,claude_haiku_batch_strict,7415
holdout,topk_stress,claude_haiku_batch_strict,7416
holdout,topk_stress,claude_haiku_batch_strict,7417
holdout,topk_stress,claude_haiku_batch_strict,7418
holdout,topk_stress,claude_haiku_batch_strict,7419
holdout,topk_stress,claude_haiku_batch_strict,7420
holdout,topk_stress,claude_haiku_batch_strict,7421
holdout,topk_stress,claude_haiku_batch_strict,7422
holdout,topk_stress,claude_haiku_batch_strict,7423
holdout,topk_stress,claude_haiku_batch_strict,7424
holdout,topk_stress,claude_haiku_batch_strict,7425
holdout,topk_stress,claude_haiku_batch_strict,7426
holdout,topk_stress,claude_haiku_batch_strict,7427
holdout,topk_stress,claude_haiku_batch_strict,7428
holdout,topk_stress,claude_haiku_batch_strict,7429
holdout,topk_stress,claude_haiku_batch_strict,7430
holdout,range_local_scans,claude_sonnet_batch_strict,7401
holdout,range_local_scans,claude_sonnet_batch_strict,7402
holdout,range_local_scans,claude_sonnet_batch_strict,7403
holdout,range_local_scans,claude_sonnet_batch_strict,7404
holdout,range_local_scans,claude_sonnet_batch_strict,7405
holdout,range_local_scans,claude_sonnet_batch_strict,7406
holdout,range_local_scans,claude_sonnet_batch_strict,7407
holdout,range_local_scans,claude_sonnet_batch_strict,7408
holdout,range_local_scans,claude_sonnet_batch_strict,7409
holdout,range_local_scans,claude_sonnet_batch_strict,7410
holdout,range_local_scans,claude_sonnet_batch_strict,7411
holdout,range_local_scans,claude_sonnet_batch_strict,7412
holdout,range_local_scans,claude_sonnet_batch_strict,7413
holdout,range_local_scans,claude_sonnet_batch_strict,7414
holdout,range_local_scans,claude_sonnet_batch_strict,7415
holdout,range_local_scans,claude_sonnet_batch_strict,7416
holdout,range_local_scans,claude_sonnet_batch_strict,7417
holdout,range_local_scans,claude_sonnet_batch_strict,7418
holdout,range_local_scans,claude_sonnet_batch_strict,7419
holdout,range_local_scans,claude_sonnet_batch_strict,7420
holdout,range_local_scans,claude_sonnet_batch_strict,7421
holdout,range_local_scans,claude_sonnet_batch_strict,7422
holdout,range_local_scans,claude_sonnet_batch_strict,7423
holdout,range_local_scans,claude_sonnet_batch_strict,7424
holdout,range_local_scans,claude_sonnet_batch_strict,7425
holdout,range_local_scans,claude_sonnet_batch_strict,7426
holdout,range_local_scans,claude_sonnet_batch_strict,7427
holdout,range_local_scans,claude_sonnet_batch_strict,7428
holdout,range_local_scans,claude_sonnet_batch_strict,7429
holdout,range_local_scans,claude_sonnet_batch_strict,7430
holdout,topk_stress,claude_sonnet_batch_strict,7401
holdout,topk_stress,claude_sonnet_batch_strict,7402
holdout,topk_stress,claude_sonnet_batch_strict,7403
holdout,topk_stress,claude_sonnet_batch_strict,7404
holdout,topk_stress,claude_sonnet_batch_strict,7405
holdout,topk_stress,claude_sonnet_batch_strict,7406
holdout,topk_stress,claude_sonnet_batch_strict,7407
holdout,topk_stress,claude_sonnet_batch_strict,7408
holdout,topk_stress,claude_sonnet_batch_strict,7409
holdout,topk_stress,claude_sonnet_batch_strict,7410
holdout,topk_stress,claude_sonnet_batch_strict,7411
holdout,topk_stress,claude_sonnet_batch_strict,7412
holdout,topk_stress,claude_sonnet_batch_strict,7413
holdout,topk_stress,claude_sonnet_batch_strict,7414
holdout,topk_stress,claude_sonnet_batch_strict,7415
holdout,topk_stress,claude_sonnet_batch_strict,7416
holdout,topk_stress,claude_sonnet_batch_strict,7417
holdout,topk_stress,claude_sonnet_batch_strict,7418
holdout,topk_stress,claude_sonnet_batch_strict,7419
holdout,topk_stress,claude_sonnet_batch_strict,7420
holdout,topk_stress,claude_sonnet_batch_strict,7421
holdout,topk_stress,claude_sonnet_batch_strict,7422
holdout,topk_stress,claude_sonnet_batch_strict,7423
holdout,topk_stress,claude_sonnet_batch_strict,7424
holdout,topk_stress,claude_sonnet_batch_strict,7425
holdout,topk_stress,claude_sonnet_batch_strict,7426
holdout,topk_stress,claude_sonnet_batch_strict,7427
holdout,topk_stress,claude_sonnet_batch_strict,7428
holdout,topk_stress,claude_sonnet_batch_strict,7429
holdout,topk_stress,claude_sonnet_batch_strict,7430
holdout,range_local_scans,gpt_5_3_codex_spark_batch_strict,7411
holdout,range_local_scans,gpt_5_3_codex_spark_batch_strict,7412
holdout,range_local_scans,gpt_5_3_codex_spark_batch_strict,7413
holdout,range_local_scans,gpt_5_3_codex_spark_batch_strict,7414
holdout,range_local_scans,gpt_5_3_codex_spark_batch_strict,7415
holdout,range_local_scans,gpt_5_3_codex_spark_batch_strict,7416
holdout,range_local_scans,gpt_5_3_codex_spark_batch_strict,7417
holdout,range_local_scans,gpt_5_3_codex_spark_batch_strict,7418
holdout,range_local_scans,gpt_5_3_codex_spark_batch_strict,7419
holdout,range_local_scans,gpt_5_3_codex_spark_batch_strict,7420
holdout,range_local_scans,gpt_5_3_codex_spark_batch_strict,7421
holdout,range_local_scans,gpt_5_3_codex_spark_batch_strict,7422
holdout,range_local_scans,gpt_5_3_codex_spark_batch_strict,7423
holdout,range_local_scans,gpt_5_3_codex_spark_batch_strict,7424
holdout,range_local_scans,gpt_5_3_codex_spark_batch_strict,7425
holdout,range_local_scans,gpt_5_3_codex_spark_batch_strict,7426
holdout,range_local_scans,gpt_5_3_codex_spark_batch_strict,7427
holdout,range_local_scans,gpt_5_3_codex_spark_batch_strict,7428
holdout,range_local_scans,gpt_5_3_codex_spark_batch_strict,7429
holdout,range_local_scans,gpt_5_3_codex_spark_batch_strict,7430
holdout,topk_stress,gpt_5_3_codex_spark_batch_strict,7411
holdout,topk_stress,gpt_5_3_codex_spark_batch_strict,7412
holdout,topk_stress,gpt_5_3_codex_spark_batch_strict,7413
holdout,topk_stress,gpt_5_3_codex_spark_batch_strict,7414
holdout,topk_stress,gpt_5_3_codex_spark_batch_strict,7415
holdout,topk_stress,gpt_5_3_codex_spark_batch_strict,7416
holdout,topk_stress,gpt_5_3_codex_spark_batch_strict,7417
holdout,topk_stress,gpt_5_3_codex_spark_batch_strict,7418
holdout,topk_stress,gpt_5_3_codex_spark_batch_strict,7419
holdout,topk_stress,gpt_5_3_codex_spark_batch_strict,7420
holdout,topk_stress,gpt_5_3_codex_spark_batch_strict,7421
holdout,topk_stress,gpt_5_3_codex_spark_batch_strict,7422
holdout,topk_stress,gpt_5_3_codex_spark_batch_strict,7423
holdout,topk_stress,gpt_5_3_codex_spark_batch_strict,7424
holdout,topk_stress,gpt_5_3_codex_spark_batch_strict,7425
holdout,topk_stress,gpt_5_3_codex_spark_batch_strict,7426
holdout,topk_stress,gpt_5_3_codex_spark_batch_strict,7427
holdout,topk_stress,gpt_5_3_codex_spark_batch_strict,7428
holdout,topk_stress,gpt_5_3_codex_spark_batch_strict,7429
holdout,topk_stress,gpt_5_3_codex_spark_batch_strict,7430
holdout,range_local_scans,gpt_5_3_codex_batch_strict,7407
holdout,range_local_scans,gpt_5_3_codex_batch_strict,7408
holdout,range_local_scans,gpt_5_3_codex_batch_strict,7409
holdout,range_local_scans,gpt_5_3_codex_batch_strict,7410
holdout,range_local_scans,gpt_5_3_codex_batch_strict,7411
holdout,range_local_scans,gpt_5_3_codex_batch_strict,7412
holdout,range_local_scans,gpt_5_3_codex_batch_strict,7413
holdout,range_local_scans,gpt_5_3_codex_batch_strict,7414
holdout,range_local_scans,gpt_5_3_codex_batch_strict,7415
holdout,range_local_scans,gpt_5_3_codex_batch_strict,7416
holdout,range_local_scans,gpt_5_3_codex_batch_strict,7417
holdout,range_local_scans,gpt_5_3_codex_batch_strict,7418
holdout,range_local_scans,gpt_5_3_codex_batch_strict,7419
holdout,range_local_scans,gpt_5_3_codex_batch_strict,7420
holdout,range_local_scans,gpt_5_3_codex_batch_strict,7421
holdout,range_local_scans,gpt_5_3_codex_batch_strict,7422
holdout,range_local_scans,gpt_5_3_codex_batch_strict,7423
holdout,range_local_scans,gpt_5_3_codex_batch_strict,7424
holdout,range_local_scans,gpt_5_3_codex_batch_strict,7425
holdout,range_local_scans,gpt_5_3_codex_batch_strict,7426
holdout,range_local_scans,gpt_5_3_codex_batch_strict,7427
holdout,range_local_scans,gpt_5_3_codex_batch_strict,7428
holdout,range_local_scans,gpt_5_3_codex_batch_strict,7429
holdout,range_local_scans,gpt_5_3_codex_batch_strict,7430
holdout,topk_stress,gpt_5_3_codex_batch_strict,7403
holdout,topk_stress,gpt_5_3_codex_batch_strict,7404
holdout,topk_stress,gpt_5_3_codex_batch_strict,7405
holdout,topk_stress,gpt_5_3_codex_batch_strict,7406
holdout,topk_stress,gpt_5_3_codex_batch_strict,7407
holdout,topk_stress,gpt_5_3_codex_batch_strict,7408
holdout,topk_stress,gpt_5_3_codex_batch_strict,7409
holdout,topk_stress,gpt_5_3_codex_batch_strict,7410
holdout,topk_stress,gpt_5_3_codex_batch_strict,7411
holdout,topk_stress,gpt_5_3_codex_batch_strict,7412
holdout,topk_stress,gpt_5_3_codex_batch_strict,7413
holdout,topk_stress,gpt_5_3_codex_batch_strict,7414
holdout,topk_stress,gpt_5_3_codex_batch_strict,7415
holdout,topk_stress,gpt_5_3_codex_batch_strict,7416
holdout,topk_stress,gpt_5_3_codex_batch_strict,7417
holdout,topk_stress,gpt_5_3_codex_batch_strict,7418
holdout,topk_stress,gpt_5_3_codex_batch_strict,7419
holdout,topk_stress,gpt_5_3_codex_batch_strict,7420
holdout,topk_stress,gpt_5_3_codex_batch_strict,7421
holdout,topk_stress,gpt_5_3_codex_batch_strict,7422
holdout,topk_stress,gpt_5_3_codex_batch_strict,7423
holdout,topk_stress,gpt_5_3_codex_batch_strict,7424
holdout,topk_stress,gpt_5_3_codex_batch_strict,7425
holdout,topk_stress,gpt_5_3_codex_batch_strict,7426
holdout,topk_stress,gpt_5_3_codex_batch_strict,7427
holdout,topk_stress,gpt_5_3_codex_batch_strict,7428
holdout,topk_stress,gpt_5_3_codex_batch_strict,7429
holdout,topk_stress,gpt_5_3_codex_batch_strict,7430
holdout,range_local_scans,gpt_5_4_mini_batch_strict,7401
holdout,range_local_scans,gpt_5_4_mini_batch_strict,7402
holdout,range_local_scans,gpt_5_4_mini_batch_strict,7403
holdout,range_local_scans,gpt_5_4_mini_batch_strict,7404
holdout,range_local_scans,gpt_5_4_mini_batch_strict,7405
holdout,range_local_scans,gpt_5_4_mini_batch_strict,7406
holdout,range_local_scans,gpt_5_4_mini_batch_strict,7407
holdout,range_local_scans,gpt_5_4_mini_batch_strict,7408
holdout,range_local_scans,gpt_5_4_mini_batch_strict,7409
holdout,range_local_scans,gpt_5_4_mini_batch_strict,7410
holdout,range_local_scans,gpt_5_4_mini_batch_strict,7411
holdout,range_local_scans,gpt_5_4_mini_batch_strict,7412
holdout,range_local_scans,gpt_5_4_mini_batch_strict,7413
holdout,range_local_scans,gpt_5_4_mini_batch_strict,7414
holdout,range_local_scans,gpt_5_4_mini_batch_strict,7415
holdout,range_local_scans,gpt_5_4_mini_batch_strict,7416
holdout,range_local_scans,gpt_5_4_mini_batch_strict,7417
holdout,range_local_scans,gpt_5_4_mini_batch_strict,7418
holdout,range_local_scans,gpt_5_4_mini_batch_strict,7419
holdout,range_local_scans,gpt_5_4_mini_batch_strict,7420
holdout,range_local_scans,gpt_5_4_mini_batch_strict,7421
holdout,range_local_scans,gpt_5_4_mini_batch_strict,7422
holdout,range_local_scans,gpt_5_4_mini_batch_strict,7423
holdout,range_local_scans,gpt_5_4_mini_batch_strict,7424
holdout,range_local_scans,gpt_5_4_mini_batch_strict,7425
holdout,range_local_scans,gpt_5_4_mini_batch_strict,7426
holdout,range_local_scans,gpt_5_4_mini_batch_strict,7427
holdout,range_local_scans,gpt_5_4_mini_batch_strict,7428
holdout,range_local_scans,gpt_5_4_mini_batch_strict,7429
holdout,range_local_scans,gpt_5_4_mini_batch_strict,7430
holdout,topk_stress,gpt_5_4_mini_batch_strict,7401
holdout,topk_stress,gpt_5_4_mini_batch_strict,7402
holdout,topk_stress,gpt_5_4_mini_batch_strict,7403
holdout,topk_stress,gpt_5_4_mini_batch_strict,7404
holdout,topk_stress,gpt_5_4_mini_batch_strict,7405
holdout,topk_stress,gpt_5_4_mini_batch_strict,7406
holdout,topk_stress,gpt_5_4_mini_batch_strict,7407
holdout,topk_stress,gpt_5_4_mini_batch_strict,7408
holdout,topk_stress,gpt_5_4_mini_batch_strict,7409
holdout,topk_stress,gpt_5_4_mini_batch_strict,7410
holdout,topk_stress,gpt_5_4_mini_batch_strict,7411
holdout,topk_stress,gpt_5_4_mini_batch_strict,7412
holdout,topk_stress,gpt_5_4_mini_batch_strict,7413
holdout,topk_stress,gpt_5_4_mini_batch_strict,7414
holdout,topk_stress,gpt_5_4_mini_batch_strict,7415
holdout,topk_stress,gpt_5_4_mini_batch_strict,7416
holdout,topk_stress,gpt_5_4_mini_batch_strict,7417
holdout,topk_stress,gpt_5_4_mini_batch_strict,7418
holdout,topk_stress,gpt_5_4_mini_batch_strict,7419
holdout,topk_stress,gpt_5_4_mini_batch_strict,7420
holdout,topk_stress,gpt_5_4_mini_batch_strict,7421
holdout,topk_stress,gpt_5_4_mini_batch_strict,7422
holdout,topk_stress,gpt_5_4_mini_batch_strict,7423
holdout,topk_stress,gpt_5_4_mini_batch_strict,7424
holdout,topk_stress,gpt_5_4_mini_batch_strict,7425
holdout,topk_stress,gpt_5_4_mini_batch_strict,7426
holdout,topk_stress,gpt_5_4_mini_batch_strict,7427
holdout,topk_stress,gpt_5_4_mini_batch_strict,7428
holdout,topk_stress,gpt_5_4_mini_batch_strict,7429
holdout,topk_stress,gpt_5_4_mini_batch_strict,7430
