family,trace_count,query_ratio,update_ratio,get_ratio,put_ratio,delete_ratio,range_sum_ratio,aggregate_count_ratio,topk_ratio,mean_range_width,mean_topk_k,mean_center_jump
bursty_mixed,6,0.5508333333333334,0.4491666666666667,0.1475,0.3475,0.10166666666666667,0.19499999999999998,0.125,0.08333333333333333,24.954863424383745,5.111375879022938,655.7185929648241
distribution_shift,6,0.7716666666666666,0.22833333333333336,0.0,0.18000000000000002,0.04833333333333334,0.24,0.30416666666666664,0.2275,78.27267365412136,10.930234568743884,111.12395309882747
negative_lookup_churn,6,0.715,0.285,0.4741666666666667,0.10416666666666667,0.18083333333333332,0.12166666666666666,0.11916666666666666,0.0,12.977564102564102,0.0,1629.0586264656615
range_local_scans,6,0.8125,0.1875,0.0,0.09916666666666667,0.08833333333333333,0.3475,0.2816666666666667,0.18333333333333335,33.0,7.458271377121666,7.317420435510887
temporal_repeat_windows,6,0.955,0.045000000000000005,0.12583333333333332,0.03166666666666667,0.013333333333333334,0.4083333333333334,0.2525,0.16833333333333333,17.0,6.756778979534398,593.7788944723618
topk_stress,6,0.7783333333333333,0.22166666666666668,0.0,0.18333333333333335,0.03833333333333334,0.1708333333333333,0.08666666666666667,0.5208333333333334,190.35203457755952,21.387226865116016,630.1708542713568
uniform_read_heavy,6,0.8041666666666667,0.19583333333333333,0.30083333333333334,0.15333333333333335,0.0425,0.2316666666666667,0.14583333333333334,0.12583333333333332,20.9243159828565,5.366282670630497,689.429648241206
wide_range_churn,6,0.5433333333333333,0.4566666666666667,0.0,0.36166666666666664,0.09500000000000001,0.24,0.19833333333333333,0.105,512.6908261670998,15.942901950052052,637.1876046901173
zipf_hot_key,6,0.7708333333333334,0.22916666666666666,0.4008333333333334,0.16916666666666666,0.06,0.15333333333333332,0.10333333333333333,0.11333333333333334,14.734848254361815,5.371652864044169,668.4597989949749
