threshold,signal,control,pairs,shift_rate,gross_gain_mean,measurement_loss_mean,net_gain_mean,any_positive_net_gain
0.01,Z1,none,30,0.06666666666666667,0.004705575800493911,0.0,0.004705575800493911,True
0.01,Z1,shuffle_probe,30,0.03333333333333333,-0.0030915007069817297,0.0,-0.0030915007069817297,False
0.01,Z1,synthetic_noise,30,0.0,0.0,0.0,0.0,False
0.01,Z1,wrong_mode_probe,30,0.0,0.0,0.0,0.0,False
0.01,Z2,none,30,0.03333333333333333,0.0038588041581047905,0.007262962962962962,-0.0034041588048581723,True
0.01,Z2,shuffle_probe,30,0.03333333333333333,-0.0030915007069817297,0.008290740740740741,-0.01138224144772247,False
0.01,Z2,synthetic_noise,30,0.0,0.0,0.01983703703703704,-0.01983703703703704,False
0.01,Z2,wrong_mode_probe,30,0.0,0.0,0.007555555555555555,-0.007555555555555555,False
0.01,Z3,none,30,0.1,0.01004180557206825,0.028235679682978874,-0.018193874110910627,True
0.01,Z3,shuffle_probe,30,0.03333333333333333,-0.0030915007069817297,0.031064526378666912,-0.034156027085648646,False
0.01,Z3,synthetic_noise,30,0.0,0.0,0.019086111111111113,-0.019086111111111113,False
0.01,Z3,wrong_mode_probe,30,0.03333333333333333,-0.0038588041581047905,0.023709749214737504,-0.027568553372842294,False
0.02,Z1,none,30,0.06666666666666667,0.005092679629579738,0.0,0.005092679629579738,True
0.02,Z1,shuffle_probe,30,0.03333333333333333,-0.002948695695753451,0.0,-0.002948695695753451,False
0.02,Z1,synthetic_noise,30,0.0,0.0,0.0,0.0,False
0.02,Z1,wrong_mode_probe,30,0.0,0.0,0.0,0.0,False
0.02,Z2,none,30,0.03333333333333333,0.005358755093062366,0.007262962962962962,-0.0019042078699005973,True
0.02,Z2,shuffle_probe,30,0.03333333333333333,-0.002948695695753451,0.008290740740740741,-0.011239436436494192,False
0.02,Z2,synthetic_noise,30,0.0,0.0,0.01983703703703704,-0.01983703703703704,False
0.02,Z2,wrong_mode_probe,30,0.0,0.0,0.007555555555555555,-0.007555555555555555,False
0.02,Z3,none,30,0.1,0.011256146484569267,0.028235679682978874,-0.01697953319840961,True
0.02,Z3,shuffle_probe,30,0.03333333333333333,-0.002948695695753451,0.031064526378666912,-0.03401322207442036,False
0.02,Z3,synthetic_noise,30,0.0,0.0,0.019086111111111113,-0.019086111111111113,False
0.02,Z3,wrong_mode_probe,30,0.03333333333333333,-0.005358755093062366,0.023709749214737504,-0.02906850430779987,False
0.05,Z1,none,30,0.06666666666666667,0.006002948924667306,0.0,0.006002948924667306,True
0.05,Z1,shuffle_probe,30,0.03333333333333333,-0.003734197372683772,0.0,-0.003734197372683772,False
0.05,Z1,synthetic_noise,30,0.0,0.0,0.0,0.0,False
0.05,Z1,wrong_mode_probe,30,0.0,0.0,0.0,0.0,False
0.05,Z2,none,30,0.03333333333333333,0.0090713140737017,0.007262962962962962,0.0018083511107387354,True
0.05,Z2,shuffle_probe,30,0.03333333333333333,-0.003734197372683772,0.008290740740740741,-0.012024938113424512,False
0.05,Z2,synthetic_noise,30,0.0,0.0,0.01983703703703704,-0.01983703703703704,False
0.05,Z2,wrong_mode_probe,30,0.0,0.0,0.007555555555555555,-0.007555555555555555,False
0.05,Z3,none,30,0.1,0.016539708819069243,0.028235679682978874,-0.011695970863909633,True
0.05,Z3,shuffle_probe,30,0.03333333333333333,-0.003734197372683772,0.031064526378666912,-0.03479872375135069,False
0.05,Z3,synthetic_noise,30,0.0,0.0,0.019086111111111113,-0.019086111111111113,False
0.05,Z3,wrong_mode_probe,30,0.03333333333333333,-0.0090713140737017,0.023709749214737504,-0.0327810632884392,False
0.075,Z1,none,30,0.06666666666666667,0.009799366411092105,0.0,0.009799366411092105,True
0.075,Z1,shuffle_probe,30,0.03333333333333333,-0.003337828573981921,0.0,-0.003337828573981921,False
0.075,Z1,synthetic_noise,30,0.0,0.0,0.0,0.0,False
0.075,Z1,wrong_mode_probe,30,0.0,0.0,0.0,0.0,False
0.075,Z2,none,30,0.03333333333333333,0.012399701096901188,0.007262962962962962,0.005136738133938223,True
0.075,Z2,shuffle_probe,30,0.03333333333333333,-0.003337828573981921,0.008290740740740741,-0.011628569314722663,False
0.075,Z2,synthetic_noise,30,0.0,0.0,0.01983703703703704,-0.01983703703703704,False
0.075,Z2,wrong_mode_probe,30,0.0,0.0,0.007555555555555555,-0.007555555555555555,False
0.075,Z3,none,30,0.1,0.019075358244865028,0.028235679682978874,-0.009160321438113846,True
0.075,Z3,shuffle_probe,30,0.03333333333333333,-0.003337828573981921,0.031064526378666912,-0.03440235495264884,False
0.075,Z3,synthetic_noise,30,0.0,0.0,0.019086111111111113,-0.019086111111111113,False
0.075,Z3,wrong_mode_probe,30,0.03333333333333333,-0.012399701096901188,0.023709749214737504,-0.03610945031163869,False
0.1,Z1,none,30,0.06666666666666667,0.015548288441642567,0.0,0.015548288441642567,True
0.1,Z1,shuffle_probe,30,0.03333333333333333,-0.0042716236669818565,0.0,-0.0042716236669818565,False
0.1,Z1,synthetic_noise,30,0.0,0.0,0.0,0.0,False
0.1,Z1,wrong_mode_probe,30,0.0,0.0,0.0,0.0,False
0.1,Z2,none,30,0.03333333333333333,0.016469944175272075,0.007262962962962962,0.009206981212309112,True
0.1,Z2,shuffle_probe,30,0.03333333333333333,-0.0042716236669818565,0.008290740740740741,-0.012562364407722596,False
0.1,Z2,synthetic_noise,30,0.0,0.0,0.01983703703703704,-0.01983703703703704,False
0.1,Z2,wrong_mode_probe,30,0.0,0.0,0.007555555555555555,-0.007555555555555555,False
0.1,Z3,none,30,0.1,0.02501319150923579,0.028235679682978874,-0.003222488173743088,True
0.1,Z3,shuffle_probe,30,0.03333333333333333,-0.0042716236669818565,0.031064526378666912,-0.035336150045648766,False
0.1,Z3,synthetic_noise,30,0.0,0.0,0.019086111111111113,-0.019086111111111113,False
0.1,Z3,wrong_mode_probe,30,0.03333333333333333,-0.016469944175272075,0.023709749214737504,-0.04017969339000958,False
0.125,Z1,none,30,0.06666666666666667,0.011441556015765226,0.0,0.011441556015765226,True
0.125,Z1,shuffle_probe,30,0.03333333333333333,-0.004224817740310122,0.0,-0.004224817740310122,False
0.125,Z1,synthetic_noise,30,0.0,0.0,0.0,0.0,False
0.125,Z1,wrong_mode_probe,30,0.0,0.0,0.0,0.0,False
0.125,Z2,none,30,0.03333333333333333,0.014749678129134356,0.007262962962962962,0.007486715166171392,True
0.125,Z2,shuffle_probe,30,0.03333333333333333,-0.004224817740310122,0.008290740740740741,-0.012515558481050864,False
0.125,Z2,synthetic_noise,30,0.0,0.0,0.01983703703703704,-0.01983703703703704,False
0.125,Z2,wrong_mode_probe,30,0.0,0.0,0.007555555555555555,-0.007555555555555555,False
0.125,Z3,none,30,0.1,0.0231993136097546,0.028235679682978874,-0.005036366073224277,True
0.125,Z3,shuffle_probe,30,0.03333333333333333,-0.004224817740310122,0.031064526378666912,-0.03528934411897703,False
0.125,Z3,synthetic_noise,30,0.0,0.0,0.019086111111111113,-0.019086111111111113,False
0.125,Z3,wrong_mode_probe,30,0.03333333333333333,-0.014749678129134356,0.023709749214737504,-0.03845942734387186,False
0.15,Z1,none,30,0.06666666666666667,0.005754835566425766,0.0,0.005754835566425766,True
0.15,Z1,shuffle_probe,30,0.03333333333333333,-0.0011675542344097751,0.0,-0.0011675542344097751,False
0.15,Z1,synthetic_noise,30,0.0,0.0,0.0,0.0,False
0.15,Z1,wrong_mode_probe,30,0.0,0.0,0.0,0.0,False
0.15,Z2,none,30,0.03333333333333333,0.011622368520917716,0.007262962962962962,0.004359405557954752,True
0.15,Z2,shuffle_probe,30,0.03333333333333333,-0.0011675542344097751,0.008290740740740741,-0.009458294975150517,False
0.15,Z2,synthetic_noise,30,0.0,0.0,0.01983703703703704,-0.01983703703703704,False
0.15,Z2,wrong_mode_probe,30,0.0,0.0,0.007555555555555555,-0.007555555555555555,False
0.15,Z3,none,30,0.1,0.013957476989737266,0.028235679682978874,-0.01427820269324161,True
0.15,Z3,shuffle_probe,30,0.03333333333333333,-0.0011675542344097751,0.031064526378666912,-0.03223208061307669,False
0.15,Z3,synthetic_noise,30,0.0,0.0,0.019086111111111113,-0.019086111111111113,False
0.15,Z3,wrong_mode_probe,30,0.03333333333333333,-0.011622368520917716,0.023709749214737504,-0.03533211773565522,False
0.2,Z1,none,30,0.06666666666666667,0.00161971758522369,0.0,0.00161971758522369,True
0.2,Z1,shuffle_probe,30,0.03333333333333333,0.01868844796538353,0.0,0.01868844796538353,True
0.2,Z1,synthetic_noise,30,0.0,0.0,0.0,0.0,False
0.2,Z1,wrong_mode_probe,30,0.0,0.0,0.0,0.0,False
0.2,Z2,none,30,0.03333333333333333,0.011488978131060246,0.007262962962962962,0.004226015168097282,True
0.2,Z2,shuffle_probe,30,0.03333333333333333,0.01868844796538353,0.008290740740740741,0.010397707224642788,True
0.2,Z2,synthetic_noise,30,0.0,0.0,0.01983703703703704,-0.01983703703703704,False
0.2,Z2,wrong_mode_probe,30,0.0,0.0,0.007555555555555555,-0.007555555555555555,False
0.2,Z3,none,30,0.1,-0.025887917799706815,0.028235679682978874,-0.054123597482685686,True
0.2,Z3,shuffle_probe,30,0.03333333333333333,0.01868844796538353,0.031064526378666912,-0.012376078413283385,True
0.2,Z3,synthetic_noise,30,0.0,0.0,0.019086111111111113,-0.019086111111111113,False
0.2,Z3,wrong_mode_probe,30,0.03333333333333333,-0.011488978131060246,0.023709749214737504,-0.03519872734579775,False
0.25,Z1,none,30,0.06666666666666667,-0.007180372097856465,0.0,-0.007180372097856465,True
0.25,Z1,shuffle_probe,30,0.03333333333333333,0.0062444867081995255,0.0,0.0062444867081995255,True
0.25,Z1,synthetic_noise,30,0.0,0.0,0.0,0.0,False
0.25,Z1,wrong_mode_probe,30,0.0,0.0,0.0,0.0,False
0.25,Z2,none,30,0.03333333333333333,0.006810547901921804,0.007262962962962962,-0.00045241506104115863,True
0.25,Z2,shuffle_probe,30,0.03333333333333333,0.0062444867081995255,0.008290740740740741,-0.0020462540325412153,True
0.25,Z2,synthetic_noise,30,0.0,0.0,0.01983703703703704,-0.01983703703703704,False
0.25,Z2,wrong_mode_probe,30,0.0,0.0,0.007555555555555555,-0.007555555555555555,False
0.25,Z3,none,30,0.1,-0.005678425514477248,0.028235679682978874,-0.03391410519745612,True
0.25,Z3,shuffle_probe,30,0.03333333333333333,0.0062444867081995255,0.031064526378666912,-0.024820039670467385,True
0.25,Z3,synthetic_noise,30,0.0,0.0,0.019086111111111113,-0.019086111111111113,False
0.25,Z3,wrong_mode_probe,30,0.03333333333333333,-0.006810547901921804,0.023709749214737504,-0.03052029711665931,False
0.3,Z1,none,30,0.06666666666666667,-0.015817710677837885,0.0,-0.015817710677837885,False
0.3,Z1,shuffle_probe,30,0.03333333333333333,-0.015564731807300343,0.0,-0.015564731807300343,False
0.3,Z1,synthetic_noise,30,0.0,0.0,0.0,0.0,False
0.3,Z1,wrong_mode_probe,30,0.0,0.0,0.0,0.0,False
0.3,Z2,none,30,0.03333333333333333,-0.0014739988592598137,0.007262962962962962,-0.008736961822222777,False
0.3,Z2,shuffle_probe,30,0.03333333333333333,-0.015564731807300343,0.008290740740740741,-0.023855472548041087,False
0.3,Z2,synthetic_noise,30,0.0,0.0,0.01983703703703704,-0.01983703703703704,False
0.3,Z2,wrong_mode_probe,30,0.0,0.0,0.007555555555555555,-0.007555555555555555,False
0.3,Z3,none,30,0.1,0.029655464755340873,0.028235679682978874,0.0014197850723619957,True
0.3,Z3,shuffle_probe,30,0.03333333333333333,-0.015564731807300343,0.031064526378666912,-0.04662925818596726,False
0.3,Z3,synthetic_noise,30,0.0,0.0,0.019086111111111113,-0.019086111111111113,False
0.3,Z3,wrong_mode_probe,30,0.03333333333333333,0.0014739988592598137,0.023709749214737504,-0.02223575035547769,True
0.35,Z1,none,30,0.06666666666666667,-0.011782943098909312,0.0,-0.011782943098909312,False
0.35,Z1,shuffle_probe,30,0.03333333333333333,-0.027949492790754205,0.0,-0.027949492790754205,False
0.35,Z1,synthetic_noise,30,0.0,0.0,0.0,0.0,False
0.35,Z1,wrong_mode_probe,30,0.0,0.0,0.0,0.0,False
0.35,Z2,none,30,0.03333333333333333,-0.002317034953335913,0.007262962962962962,-0.009579997916298875,False
0.35,Z2,shuffle_probe,30,0.03333333333333333,-0.027949492790754205,0.008290740740740741,-0.03624023353149495,False
0.35,Z2,synthetic_noise,30,0.0,0.0,0.01983703703703704,-0.01983703703703704,False
0.35,Z2,wrong_mode_probe,30,0.0,0.0,0.007555555555555555,-0.007555555555555555,False
0.35,Z3,none,30,0.1,0.053581950628172496,0.028235679682978874,0.02534627094519362,True
0.35,Z3,shuffle_probe,30,0.03333333333333333,-0.027949492790754205,0.031064526378666912,-0.059014019169421124,False
0.35,Z3,synthetic_noise,30,0.0,0.0,0.019086111111111113,-0.019086111111111113,False
0.35,Z3,wrong_mode_probe,30,0.03333333333333333,0.002317034953335913,0.023709749214737504,-0.02139271426140159,True
0.4,Z1,none,30,0.06666666666666667,-0.005013989315088141,0.0,-0.005013989315088141,False
0.4,Z1,shuffle_probe,30,0.03333333333333333,-0.03443162645518781,0.0,-0.03443162645518781,False
0.4,Z1,synthetic_noise,30,0.0,0.0,0.0,0.0,False
0.4,Z1,wrong_mode_probe,30,0.0,0.0,0.0,0.0,False
0.4,Z2,none,30,0.03333333333333333,-0.004592359875970412,0.007262962962962962,-0.011855322838933374,False
0.4,Z2,shuffle_probe,30,0.03333333333333333,-0.03443162645518781,0.008290740740740741,-0.042722367195928555,False
0.4,Z2,synthetic_noise,30,0.0,0.0,0.01983703703703704,-0.01983703703703704,False
0.4,Z2,wrong_mode_probe,30,0.0,0.0,0.007555555555555555,-0.007555555555555555,False
0.4,Z3,none,30,0.1,0.06427089303440521,0.028235679682978874,0.036035213351426336,True
0.4,Z3,shuffle_probe,30,0.03333333333333333,-0.03443162645518781,0.031064526378666912,-0.06549615283385472,False
0.4,Z3,synthetic_noise,30,0.0,0.0,0.019086111111111113,-0.019086111111111113,False
0.4,Z3,wrong_mode_probe,30,0.03333333333333333,0.004592359875970412,0.023709749214737504,-0.019117389338767093,True
0.45,Z1,none,30,0.06666666666666667,0.006327301337818307,0.0,0.006327301337818307,True
0.45,Z1,shuffle_probe,30,0.03333333333333333,-0.04841552544766003,0.0,-0.04841552544766003,False
0.45,Z1,synthetic_noise,30,0.0,0.0,0.0,0.0,False
0.45,Z1,wrong_mode_probe,30,0.0,0.0,0.0,0.0,False
0.45,Z2,none,30,0.03333333333333333,-0.004592359875970412,0.007262962962962962,-0.011855322838933374,False
0.45,Z2,shuffle_probe,30,0.03333333333333333,-0.04841552544766003,0.008290740740740741,-0.05670626618840077,False
0.45,Z2,synthetic_noise,30,0.0,0.0,0.01983703703703704,-0.01983703703703704,False
0.45,Z2,wrong_mode_probe,30,0.0,0.0,0.007555555555555555,-0.007555555555555555,False
0.45,Z3,none,30,0.1,0.09223869101934963,0.028235679682978874,0.06400301133637076,True
0.45,Z3,shuffle_probe,30,0.03333333333333333,-0.04841552544766003,0.031064526378666912,-0.07948005182632695,False
0.45,Z3,synthetic_noise,30,0.0,0.0,0.019086111111111113,-0.019086111111111113,False
0.45,Z3,wrong_mode_probe,30,0.03333333333333333,0.004592359875970412,0.023709749214737504,-0.019117389338767093,True
0.5,Z1,none,30,0.06666666666666667,0.014075398848851525,0.0,0.014075398848851525,True
0.5,Z1,shuffle_probe,30,0.03333333333333333,-0.04841552544766003,0.0,-0.04841552544766003,False
0.5,Z1,synthetic_noise,30,0.0,0.0,0.0,0.0,False
0.5,Z1,wrong_mode_probe,30,0.0,0.0,0.0,0.0,False
0.5,Z2,none,30,0.03333333333333333,-0.004592359875970412,0.007262962962962962,-0.011855322838933374,False
0.5,Z2,shuffle_probe,30,0.03333333333333333,-0.04841552544766003,0.008290740740740741,-0.05670626618840077,False
0.5,Z2,synthetic_noise,30,0.0,0.0,0.01983703703703704,-0.01983703703703704,False
0.5,Z2,wrong_mode_probe,30,0.0,0.0,0.007555555555555555,-0.007555555555555555,False
0.5,Z3,none,30,0.1,0.09223869101934963,0.028235679682978874,0.06400301133637076,True
0.5,Z3,shuffle_probe,30,0.03333333333333333,-0.04841552544766003,0.031064526378666912,-0.07948005182632695,False
0.5,Z3,synthetic_noise,30,0.0,0.0,0.019086111111111113,-0.019086111111111113,False
0.5,Z3,wrong_mode_probe,30,0.03333333333333333,0.004592359875970412,0.023709749214737504,-0.019117389338767093,True
