,bursty_mixed,distribution_shift,negative_lookup_churn,range_local_scans,temporal_repeat_windows,topk_stress,uniform_read_heavy,wide_range_churn,zipf_hot_key
bursty_mixed,0.0,4.532042797477079,4.731229695663167,5.087904521453594,6.640846485258447,5.531713113056104,3.85594316317451,3.8677851091461,3.5638813403687193
distribution_shift,4.532042797477079,0.0,6.510756822223144,1.9373505275461105,3.730036618473171,4.243920801000619,3.2636812120048524,4.873526782172902,4.041416660655963
negative_lookup_churn,4.731229695663167,6.510756822223144,0.0,6.411132439930302,6.881987475301278,7.164869881052331,4.3751820383266855,6.838408780098232,3.781840081581312
range_local_scans,5.087904521453594,1.9373505275461105,6.411132439930302,0.0,2.962155764518911,5.172185919976243,3.4396257376526624,5.731054612652114,4.391130488932633
temporal_repeat_windows,6.640846485258447,3.730036618473171,6.881987475301278,2.962155764518911,0.0,5.719149474177289,3.4709370055446636,7.311432085027733,4.724798561083477
topk_stress,5.531713113056104,4.243920801000619,7.164869881052331,5.172185919976243,5.719149474177289,0.0,4.519494010275454,5.359545957393328,4.727294634061629
uniform_read_heavy,3.85594316317451,3.2636812120048524,4.3751820383266855,3.4396257376526624,3.4709370055446636,4.519494010275454,0.0,5.56073611886636,1.3269576387928033
wide_range_churn,3.8677851091461,4.873526782172902,6.838408780098232,5.731054612652114,7.311432085027733,5.359545957393328,5.56073611886636,0.0,5.652142231765965
zipf_hot_key,3.5638813403687193,4.041416660655963,3.781840081581312,4.391130488932633,4.724798561083477,4.727294634061629,1.3269576387928033,5.652142231765965,0.0
